Point in Time[s],State of Active Resource[]
0.0,0
780.0,1
780.000000001,0
20520.0,1
20520.000000001,0
21060.0,1
21060.000000001,0
21540.0,0
